i,club,composite,Flag,r1,r2,r3,r4,r5,r6,r7,r8,FPos
1,Leander Club,No,A,Emily Ford,Rowan McKellar,Emily Ashford,Harriet Taylor,Fiona Gammond,Emily Carmichael,Karen Bennett,Holly Norton,1
2,Cambridge University Womens Boat Club,No,A,Patricia Smith,Imogen Grant,Paula Wesselmann,Alice White,Kelsey Barolak,Thea Zabell,Myriam Goudet,Olivia Coffey,2
3,Imperial College Boat Club,No,A,Joanna Thom,Alexandra Stonehill,Helen Elizabeth Kirkpatrick,Melanie Wilson,Georgia Francis,Rebecca Shorten,Rebecca Scown,Zoe Lee,3
5,Molesey Boat Club,No,A,Emma McDonald,Lucy Primmer,Gabby Rodriguez,Molly Harding,Ruth Whyman,Rebecca Girling,Rebecca Edwards,Katie Bartlett,4
4,University of London Boat Club,No,A,Alessandra French,Sara Parfett,Hannah Roberts,Oonagh Cousins,Charlotte Hodgkins-Byrne,Georgia Statham,Jordan Cole-Hossain,Isobel Powell,5
6,Oxford Brookes University Boat Club,No,A,Imogen Mackie,Mary Wilson,Emily Herridge,Anna Boada,Susannah Dear,Annie Withers,Sophia Heath,Zoe Taylor,6
8,Edinburgh University Boat Club,No,A,Bettie Payne,Flora Blake-Parsons,India Somerside,Lauren Gray,Lucy Glover,Jane Hardie,Lydia Currie,Alex Rankin,7
7,Cambridge University Womens Boat Club,No,B,Lucy Pike,Emma Andrews,Pippa Dakin,Laura Foster,Abigail Parker,Larkin Sayre,Daphne Martschenko,Amelia Perrin,8
52,Leander Club,No,B,Natasha Harris-White,Rachel Heap,Zoe Adamson,Bayly Camp,Ruth Siddorn,Sarah Bowyer,Georgina Brayshaw,Laura Meridew ,9
10,Tideway Scullers School,No,A,Cecilia Ricks,Amelia Carlton,Emma Reiser,Lara Emma Catherine Valt,Katy Wilkinson-Feller,Bethan Walters,Kate Wagstaff,Anna Terry,10
15,Newcastle University Boat Club,No,A,Nicole Lamb,Fiona Chestnutt,Georgia Parker,Hannah Cowie,Amy Bowman,Frances Russell,Lola Anderson,Megan Barry,11
18,Thames Rowing Club,No,A,Alex Styles,Katherine Woodward,Suzi Perry,Caterina Buizza,Amy Gibson,Jessica Eastwood,Pippa Whittaker,Natalie Hardy,12
11,Exeter University Boat Club,No,A,Sophie Ackert,Eleanor Hayes,Danielle Semple,Susannah Duncan,Abigail Pape,Oluwaseun Olusanya,Rosanna Little,Sophie Coltman,13
17,Henley Rowing Club,No,A,Phoebe Fletcher,Phyllis Barter,Georgina Robinson Ranger,Alice Jones,Mary Wright,Daisy Butterworth,Charlotte Orr,Isabel Jonsson,14
21,University of London Boat Club,No,B,Amber Pierce,Robyn Hart-Winks,Nicola kate Lawless,Sheyi Blackett,Fionnuala Gannon,Kathryn Barnhill,Emily Lindberg,Kesiah Roe,15
16,Oxford Brookes University Boat Club,No,B,Elizabeth Haskins,Bethany Meakin,Beth Willford - Dutton ,Annabel Stevens,Johanna Gannon,Ella Morgan,Aly Vogelzang,Madeleine Dobson,16
26,Newcastle University Boat Club,No,B,Gaby Munyard,Lucy Stanhope,Harriet Aubrook,Chloe Deyermond,Lauren Kay,Anna Van de Braak,Phoebe Truett,Rachel Webb,17
12,Durham University Boat Club,No,A,Francesca Quinn,Kate Lillington,Megan Lillington,Amy Polglase,Lauren Irwin,Helena Barton,Georgia Dean,Helena Louise Lang,18
28,Nottingham Rowing Club,No,A,Josephine Bowman,Abigail Baldwin,Fleur Tavare,Sophie Connolly,Annie Campbell-Orde,Kate Parsons,Charlotte Brown,Lucy Holgate,19
14,Cantabrigian Rowing Club,No,A,Georgia Vann,Jessie Spivey,Emma Dalrymple,Anna Suchankova,Megan Lloyd-Palmer,Andrea de Bruin,Eleanor Darlington,Fiona Macklin,20
19,Molesey Boat Club,No,B,Sophie Heywood,Pippa Birch,Iona Riley,Marie Grant,Charlotte Gill,Claire McKeown,Xanthe Weatherhead,Kristina Stone,21
13,Headington School Oxford Boat Club,No,A,Tilly Burn,Anna Lockhart,Mattea Wuethrich,Cordelia Mahony,Alice Van Onselen,Lucy Pullinger,Frances Curtis,Hannah Hornby,22
29,Tideway Scullers School,No,B,Holly Smith,Marlie Carter Edwards,Elizabeth Hatch,Catherine O'Riordan,Kirstyn Luton,Emily Walters,Charley Wedderburn,Katie Potter,23
38,Thames Rowing Club,No,B,Emma Feerick,Lucy Nee,Sarah Fabes,Alice Manly,Heather Walker,Lowenna Coad,Katrine Eskander,Iona Casley,24
243,Marlow Rowing Club,No,C,Talia Antioco,Daisy Bellamy,Emma Louise Stilwell,Izzie Bird,Natasha Strudwick,Charlotte Fennell,Emma Dabinett,Eve Lombardo,25
30,Bristol University Boat Club,No,A,Jessica Pope,Grace Ward-Allen,Sally Elphick,Charlotte Greenwood,Rosie Watkins,Georgiana Townley,Alice Lovett,Phoebe Beer,26
46,Oxford Brookes University Boat Club,No,C,Coralie Spearman,Emily Paul,Esme Booth,Jordan Simper,Rachel Cannon,Lucy McIntyre,Harriet Ferguson,Katie Metalli,27
22,Imperial College Boat Club,No,B,Alice Jefferies,Rebecca Rowe,Ophelia Millar,Georgiana Malin,Gledisa Musollari,Naomi Doye,Philippa England,Jade Hubbard,28
9,CUS Milano ,No,,Laura Pagnoncelli,Nadine Anna Elizabeth Agyemang Heard,Ilaria Compagnoni,Arianna Passini,Vittoria Tonoli,Benedetta Bulgheroni,Matilde Sturaro,Rosa Lucania,29
80,Vesta Rowing Club,No,A,Robyn McGregor-Ritchie,Kirsty McGregor-Ritchie,Ruth McKellar,Jamie-Rose Larkin,Catherine Long,Sarah Thompson,Louisa Emkes,Chloe Symmonds,30
36,Edinburgh University Boat Club,No,B,Laura Mcdonald,Louise Howat,Abigail Craig,Elizabeth Cooper,Aoife McCarthy,Imogen Greig-Connor,Lauren Macnaughton,Hannah Davis,31
81,University of London Boat Club,No,C,Leanna Beswick,Amelia Reddish,Rose Bernard,Jessica Milborne ,Catherine O'Leary,Olivia Rogerson,Maud Moir,Harriet Orr,32
32,Auriol Kensington Rowing Club,No,A,Hannah Smith,Kate O'Sullivan,Katherine Pankhurst,Sophie Lovett,Joanna Innes-Hopkins,Tamara Zwaagstra,Kirsty Page,Angela Hitchens,33
20,Glasgow University Boat Club,No,A,Aliese Steinhart,Marlene Cornelis,Grainne Maguire Conneely,Nina Gray,Emma Pearson,Ellen Smith,Robyn Gillies,Niamh McClure,34
35,Durham University Boat Club,No,B,Alicia Schwarzenbach,Ashleigh Mason,Samantha Bousfield,Saskia Devereux,Anna van der Star,Emily Grant,Madeleine Orr,Gabriella Hatfield,35
50,Mortlake Anglian & Alpha Boat Club,No,A,Catharine Bruce,Jennifer Aitken,Sophie Piper,Zoe Brass,Kaila Engelsman,Jade Robertson,Claire Brown,Amy Hudson,36
31,Agecroft Rowing Club,No,A,Harriet West,Bethan Birdsey,Terri Maynard,Catherine Pringle,Kate Silverthorne,Charlotte Grandfield,Alexandra Gardiner,Grace Miller,37
100,Nottinghamshire County Rowing Association ,No,,Abigail Clark,Aimee Richards,Jessica Eaves,Tilly Ireland,Lucy Stokes,Madeleine Moore,Megan Pepper,Priya Jenkins,38
24,City of Oxford Rowing Club,No,A,Emily Lyons,Naomi Sharma,Kimberley Salter,Lucy Martin,Corinne Larkworthy,Louisa Taylor,Merel Lefferts,Stacey Crocker,39
109,Bath University Boat Club,No,A,Phoebe Eaton,Eleanor Denham,Jessica Pidgeon,Elizabeth Stacey,Kate Hunt,Robyn Bell,Hannah Bartholomew,Sophia Stiling,40
33,Lea Rowing Club,No,A,Rebecca Minnich,Bridget Snaith,Anita Davies,Amy Johnson,Amanda Benson-Skailes,Nicole Cooke,Valentina Futoryanova,Lizzie Chapman,41
88,Cambridge University Womens Boat Club,No,C,Kate McDaid,Katie Bruce,Clare Pearson,Sarah Carlotti,Olivia Jamrog,Kate Shipley,Sally O'Brien,Rebecca Dell,42
27,Nottingham University Boat Club,No,A,Aerin Thompson,Claudia Adams,Georgia Bonfield,Grace Fielding,Isabelle Glanvill,Lucy Gillbanks,Eleanor Ball,Nina Giambrone,43
39,Henley Rowing Club,No,B,Rebecca Lister,Phoebe Snowden,Madeleine Pollard,Georgia Brown,Amber Weller,Emeline Warner,Grace Johnson ,Charlotte Rowley,44
37,Grosvenor Rowing Club,No,A,Siobhan Barnard,Charlie Shaw,Mairead Flannery,Laura Champion,Carly Morris,Maddie Archer,Jessica Hulson,Ellen Mitchell,45
47,Putney Town Rowing Club,No,A,Jade Gowan,Laura Tompkins,Amy Crowe,Catherine Gleave,Kathryn Lewis,Lauren Buchanan,Catriona Docherty,Emily Bowden,46
51,Upper Thames Rowing Club,No,,Emma Peacock,Antonia Helen van Deventer Moss,Rhianna Cearns,Mary Merritt-Smith,Alex Flynn,Sally Pollok-Morris,Amanda Hynes,A Brooks,47
48,St Andrews University Boat Club,No,A,Morgan Hartley,Jodie Cameron,Julia Marache,Eleanor Livingston,Skye Arnott,Hannah Myatt,Kirstin Giddy,Alice Thompson,48
58,Quintin Boat Club/Tideway Scullers School/Kingston Rowing Club/London Rowing Club/MortlakeA&A Boat Club,Quintin Boat Club,,Rebekah Edgar,Claire McIntosh,G M Peck,Lorna Cardwell,Kate Grose,Judith Schulz,Elaine Johnstone,Andrea Finn,49
23,Wallingford Rowing Club,No,A,Alice Brown,Mary Murray,Emily Booker,Becky Waller,Rachel Edge,Jenny Taylor,Julia Wilks,Samantha Burrows,50
244,Lea Rowing Club,No,D,Alice Bolitho,Matilda Power,Elsa Froggatt-Brown,Molly Foxell,Ella Sharman,Rachel McDonald,Rosa Millard,Laura Ellington,51
104,Agecroft Rowing Club,No,B,Emma Bleasdale,Emma Bailey,Jessica Swindells,Ashling Baggaley,Charlotte Waghorne,Florence Morton,Hattie Bracey,Molly Kearney,52
92,City of Bristol Rowing Club,No,A,Poppy Campbell,Annabel Young,Emma Bawden,Lauren O'Neill,Lindsay Scott,Jenny Chapman,Amy Gardner,Chloe Farrar,53
93,Vesta Rowing Club,No,B,Rebecca Kelly,Katie Baulkwill,Mikaela Blowing,Harriet Farquharson,Jessica Bromley,Charlotte Lennox,Clare Wood,Cameo Choquer,54
43,Newcastle University Boat Club,No,C,Elizabeth Fuller,Sophie Adams,Emily Soppitt,Christina Castledine,Katy-Ann Claridge,Frances Munro,Lydia Davis,Victoria Chamberlain,55
246,Sir William Perkinss School Rowing Club ,No,,Louise Wax,Eve Linney,Ella Ayoade,Lerin Adetola,Emily Keen,Annabelle Taylor,Olivia Garnham,Isabella Daniels,56
45,Headington School Oxford Boat Club,No,B,Rachel Grainger,Alexandra Peach,Amarna Milne,Charlotte Barker,Madeleine Chichester,Alice Plucknett,Zakira Klico,Trudie Marks,57
40,Tideway Scullers School,No,C,Rachel Dean,Mary McWilliam,Maxi Scibor-Rylska,Sally Trump,Amy Kilby,Elizabeth Williams,Kate Thorne,Alexandra Courage,58
34,Birmingham University Boat Club,No,A,Bethany Holmes,Harriet Lowe,Rose Andryszewska,Hannah Chatfield,Isobel Haig,Henrietta Green,Victoria Wright,Ayesha Wooler,59
95,Cantabrigian Rowing Club,No,B,Eve Beere,Helen Fishwick,Valentina Sassow,Cecilia Collins-Taylor,Anna te Water Naude ,Hannah Stewart,Bailee Stratton,Anita Holender,60
96,Curlew Rowing Club,No,A,Rebecca Jackson,Emily Wilsher,Sophie Leonard,Inga Jirgensone,Amy Powell,Danielle Vande Voorde,Gemma Barker,Jessica Phillips,61
242,Tideway Scullers School,No,D,Amalia White,Ana Mavra,Aurelia Cowan,Helena Bentley,Jessie Goodall,Isabel Lack,Orla Supple,India Lawrence,62
113,Southampton University Boat Club,No,A,Evelyn Watson,Rachel Shaw,Alicia Bevan,Charlotte Pollecutt-Gray,Emily Marshall,Sophie Gray,Aisling Brown,Becca Sebley,63
87,Bristol University Boat Club,No,B,Anna Roe,Susie Castle,Natalie Dixon,Katie Macdonald,Georgia Swiatoniowski,India Ayling,Grace Tribe,Charlotte Rogers,64
90,Barnes Bridge Ladies Rowing Club,No,A,Rachael Rigamonti,Sarah Kelly,Laura Oakley,Clemmy Fontaine,Cara Cahill,Rebecca Martin,Christina Richardson,Sarah Powell,65
124,Royal Chester Rowing Club ,No,,Lowri Stubbs,Cathryn Jones,Angela Jane Sheldon,Chloe Sheward,Sarah McKay,Jeni Clegg,Carmen Lasok-Smith,Paige Cox,66
83,Staines Boat Club,No,A,Georgina Burdon,Rachel Brown,Catherine Long,Rebecca Bannister,Maddison Shoolbread,Emma Corless,Claire Couves,Patricia Corless,67
129,Surrey University Boat Club,No,A,Fiona Norris,Megan Moloney,Sophie Hossack,Maddie Gardner,Megan Pearson ,Anika Piezka,Eleanor Stevens,Jasmine Bone,68
84,Molesey Boat Club,No,C,Lillie Reid,Millie Smallbone,Bethan Murphy,Courtney Price,Emma Boyns,Amber Hickson,Lydia Cronin,Holly Airbright,69
82,Thames Rowing Club,No,C,Victoria Scott,Louisa Currey,Rebecca Williams,Sally-Ann Hickey,Laura Phillips,Helen Carswell,Jemima Price,Aimee Campbell,70
56,Rowing Club Lausanne ,No,,Layla Bounouar,Cattin Haloe,Lebel Nadia,Meyer Ella,Angela Zimmermann,Jenna Wittwer,Marie Battistolo,Paloma Maillard,71
69,Upper Thames Rowing Club/City of Sheffield Rowing Club,Upper Thames Rowing Club,,Janet Vickers,Amanda Calvert,Elise Cope,Rebecca Sadler,Naomi Ashcroft,Louise Wymer,Juliet Machan,Miriam Luke,72
132,St Andrew Boat Club,No,A,Charlotte Dobson,Charlotte Scott,Ellen Brignall,Rebecca Scott,Hannah Walker,Camilla Hadland,Robyn Patton,Amy Sweeny,73
252,Scottish Argonauts ,No,,Kirsty MacArthur,Abigail Topp,Ailish Lurring,Anna Colley,Heather Gordon,Sara Johnston,Megan Hewison,Elspeth Grant,74
247,Glasgow Academy Rowing Club/Glasgow Schools Rowing Club ,Glasgow Academy Rowing Club,,Ailsa Martin,Kirsty Hunter,Catriona Andrews,Lauren Amner,Katie Maltby,Natalie Smart,Jennifer Olney,Louise Miller,75
89,Tyne Amateur Rowing Club ,No,,Victoria Phelan,Megan Stocker,Charlie Charlton,Beth Laidlaw,Renske Herrema,Claudia Turley,Laura Clack,Leah Kindleyside,76
135,Jesus College Boat Club,No,A,Ailidh Burgess,Claire Glanville,Julia Sala Bayo,Charlotte Jackson,Alexandra Gutai,Abigail Smith,Emma Clifton,Celia Kessler,77
184,Glasgow University Boat Club,No,B,Katrina Bryce ,Jane MacGregor,Rebeccas Perry,Kirsty Naismith,Maeve Dale,Anna Winton,Jenny McCormack,Amy Fraser,78
102,Surbiton High School Boat Club ,No,,Mia Williams,Emma Croft,Hannah Donaldson,Imogen Moore,Jessica Hunter,Emma Hall,Amy Pearson,Freya Spurling,79
160,Newnham College Boat Club ,No,,Isabella Bentley,Emma Karslake,Kathryn Jones,Harriet Haysom,Ellie Holloway,Adriana Perez Rotondo,Rhiannon Smith,Alice Cozens,80
55,Real Club Mediterraneo,No,,Maria Galvan,Celia Miguel,Ana Costas,Victoria Pulido,Teresa Diaz,Angela Rodriguez,Ana Moreno,Laura Ramos,81
54,Fulham Reach Boat Club ,No,,Sally Hodgson,Katie O'Toole,Jennifer Arthur,Marieke Bal,Elizabeth Cottrell,Helen Austin,Beatrix Sheldrick,Christina Duffy,82
254,Dart-Totnes Amateur Rowing Club,No,B,Eleanor Beeley,Alice Franklin,Abigail Culpan,Charlie Cooper,Lucy Flynn,Ella Mutch,Laura Norman,Emma Norman,83
108,Llandaff Rowing Club ,No,,Laura Starrs,Elinor George,Annika Axelsen,Catherine Raine,Phillipa Thomas,Eleanor Taylor,Alison Boyes,Emily Brace,84
136,Leeds University Boat Club,No,A,Tara Chan-A-Sue,Lois Beaumont,Dorothy Papp,Abigail Wade,Nathalie Cousins,Heather Hall,Bethan Hope-Bell,Lara Connolley,85
121,Cardiff University Boat Club,No,A,Emily Martin,Catherine Gray,Miranda Clements,Honor Bailey,Olivia Howe,Ella Tepper,Meredith Graham,Georgie Haynes,86
161,York University Boat Club,No,B,Gabriella Barnard-Edmunds,Isla McAully,Amanda Jackson,Elizabeth Maunder,Kathryn Mole,Leonor Marques-Worssam,Victoria Thomas,Katherine Hill,87
238,Queens University Belfast Ladies Boat Club,No,A,India Harris,Emily Romeril,Rachel Coulter,Victoria Coulter,Elle McMaster,Emily Sampson-Barnes,Victoria Wallace,Lucy Burrows,88
162,Aberdeen University BC/Robert Gordon University BC,Aberdeen University BC,A,Rebecca elliot,Kate Ferrier,Grace Blissit,Elizabeth Buchan,Victoria Singleton,Karlijn Korpershoek,Erin Georgia Wyness,Ruth Grant,89
134,Edinburgh University Boat Club,No,C,Olivia Haywood,Lane Miller,Jade Carlyle,Eloise Rimmer,Laura Nicoll,Sasha Cleere,Zoe Brown,Sophie Finch,90
86,University of London Boat Club,No,D,Amelie Peiker,Cora Salkovskis,Amy Binnion,Thais Umbelino-Purton,Esme Jones,Lottie Bruce,Alicia Redman,Georgia Edwards,91
233,Gloucester Hartpury Rowing Club/Gloucestershire University Rowing Club,Gloucester Hartpury Rowing Club,,Bryony Lawrence,Sophie Schryver,Jennifer Bates,Chelsea Armstrong,Jade Colton,Alicia Gulliver,Orlagh Cottier,Zoe Williamson,92
144,Newark Rowing Club/Derby Rowing Club,Newark Rowing Club,,Cathy Gillespie,Diane Fenoulhet,Michele Wilson,Martha Nutkins,Jane Hindmarch,Phoebe Cook,Natalie Maine,Lucy Owens,93
25,Marlow Rowing Club,No,A,Jessica Evans,Emma Boddy,Philippa Harrison,Amanda Rice,Victoria Parsons,Ruth Naylor,Joanna Wootton,Lauren Weatherall,94
123,Ardingly Rowing Club ,No,,Clare Davison,Ursula Tanner,Kate Jolly,Lieben Dickens,Hope Warren,Linda Goldsmith,Poppy Durkan,Caroline Reed,95
214,Army Rowing Club ,No,,Alice Easton,Ella Barnard,Jillian Tovey,Eve Newton,Lucy Cruxton,Maria Larsen,Suzanne Talbot,Faye Snowdon,96
145,Downing College Boat Club ,No,,Grace Eickmann,Hannah Marsden,Josie Hughes,Myrthe Praat,Katherine Robinson,Georgina Frater,Kirsty Nangle,Katherine Bobroske,97
147,Leeds Rowing Club ,No,,Emily Holt,Charlotte Arden,Ellen Genetello,Lauren Allanson,Charlotte Milligan,Ella Sadler-Andrews,Adelyn Barr,Hannah Duncan,98
49,Ruder-Club Tegel/Ruder-Club Potsdam,Ruder-Club Tegel,,Verena Broich,Wiebke Kauffold,Anna Korge,Allegra Lorenz,Sophie Platte,Mandy Reppner,Louisa Neuland,Jessika Fuhr,99
170,Emmanuel Boat Club,No,A,Christiane Kienl,Molly Biddell,Clare Gayer,Pip Elmer,Catherine Gorrie,Megan Armishaw,Claire Restarick ,Lucy Allen,100
141,Liverpool University Boat Club,No,A,Olivia Capocci,Finli Jones,Amy Hobbs,Robyn Chapman-burn,Jessica Trott,Charlotte Siddoway,Charlotte Hudson,Hannah Garmston,101
118,Exeter University Boat Club,No,B,Isabelle Potterill,Verity Cole,Marie Milet,Anya George,Kathryn Hinton,Niamh Hyland,Charlotte Geeroms,Caitlin Kickham,102
224,Worcester Rowing Club,No,A,Alisha Bull,Madeleine Fisher,Imogen Ledbetter,Sophie Evans,Daisy Price,Elizabeth Shaw,Sophie Stoddart,Becky Silvester,103
156,New College Boat Club ,No,,Joanneke Jansen,Alex Brodersen,Astrid Veronica Brakstad,Embla Hocking,Ailsa MacPherson,Alice Caddock,Annabel Ford,Rebecca Esselstein,104
78,Ruder-Club Tegel 1886 E.V,No,,Petra Alex,Birgit Ehrig,Sabine Radtke,Daniela Deuter,Rita Garlipp,Jaensch Martina,Zellmer Antje,Annett Zeh,105
131,Wolfson College (Oxford) Boat Club ,No,,Philippa Hammond,Tereza Bartonickova,Zhouran Zhang,Sarah Walsh,Serina Lyons,Beatrice Faleri,Jessica Dunham,Georgina Bowyer,106
107,Mortlake Anglian & Alpha Boat Club,No,C,Daisy Hampton,Emily Robinson,Gemma Pugh,Heather O'Mahoney,Samantha Jones,Isabel Zakers,Alice Pickthall,Abi Watson,107
119,Warwick University Boat Club,No,A,Josie Parr,Niamh MacElvogue,Charlotte Fremont,Laura McGaffin,Dubheasa Lanipekun,Luize Stabina,Sara Mahmud-Marshall,Orla Miller,108
165,St Andrew Boat Club,No,B,Holly Pearson,Catriona Duke,Laura Rankin,Samantha Hancock,Alice Patton,Maddie McClure Rothero,Natalie Tysoe,Martha Walsh,109
261,Walton Rowing Club,No,A,Millicent Fantham,Elysia Rushworth,Lola Hewitt,Amelia Grimshaw,India Catlin,Isy Hawes,Katherine Stenning,Alexandra Poole,110
127,Nottingham Rowing Club,No,B,Kellie Hathaway,Georgia Charlesworth,Charlotte Bainbridge,Amy Tarver,Phoebe Hedworth,Maud van Soest,Madeleine Davy,Laurie Hartill,111
148,Bath University Boat Club,No,B,Megan Stoker,Hannah Slater,Rachel Borrows,Rachel Scanlan,Kimberley Ertl,Zara Mulholland,Laetitia Tay,Hetty Palmer,112
94,Weybridge Rowing Club,No,A,Rachel Kornberg,Claudine Ferguson,Jane Brady,Margaret Johnson,Anya Foulkes,Catherine Allaway,Eva Ferlez,Ellie Brosnan,113
91,Sons of the Thames Rowing Club,No,A,Colleen Cooper,Jennifer Parr,Lorena Leal,Eleanor Daley,Veronika Vockova,Joanna Bacon,Georgina Harley,Georgina Webb,114
150,Kings College London Boat Club,No,A,Nicole Seredenko,Juliet McQueen,Kathryn Willis,Verity Hayter,Amy Capener,Jessica Martin,Sophie van Son,Marije Plak,115
111,Cambridge 99 Rowing Club,No,A,Linda Kitching,Klaske Van Marrum,Agnes Bolinska,Guinevere Woolstenhulme,Josie Harries,Sara Bastiani,Chrysa Litina,Abbey Child,116
245,Maidstone Invicta Rowing Club,No,A,Louise Jones,Ella Knight,Faye Mileham,Rhona Logue,Grace MacMahon,Alexandra Cross,Hannah Parsler,Hannah Read,117
122,City of Bristol Rowing Club,No,B,Carina Hall,Lorna Carter,Rhiannon Whale,Grace Mahony,Andreea Paraschivescu,Rebecca Perkins,Caitlin Bloom,Eimear McGeehan,118
115,Warwick Boat Club ,No,,Victoria Rothwell,Olivia Joyce,Jessica Fidler,Heather Yates,Emma Tod,Emma Raynor,Claire Hurley,Kate Evans,119
174,Queens College (Cambridge) Boat Club ,No,,Kathryn Van der Byl,Ulrika Andersson,Lea Gansser-Potts,Charlotte Hallam,Georgie Holmes,Maya Fooks,Charlotte Harrop,Billie Meadowcroft,120
68,Mortlake Anglian & Alpha Boat Club,No,B,Joanna Gapper,Nicola Dale,Alice Jenkinson,Caroline Bell-Syer,Lisa Kallal,Christina Greenhalgh,Anna Ramsden,Hilary Cook,121
85,Lea Rowing Club,No,B,Amy Hills,Caitlin Perrett,Joanna Jager,Clare Sach,Lindsay Segall,Christine Stokes,Lucy Clarke,Sophie Brockmann,122
259,Thames Rowing Club,No,E,Zoe Moody,Sarah Gulley,Olivia Quincey,Alice Nee,Misiki King,Elizabeth Miller,Christina Schneider,Emma Frances Rogers,123
59,Putney Town Rowing Club,No,C,Sarah Mercer,Clare Allen,Cecile Auty-Jacklin,Frances Pattison,Mary Mortimer,Darina Kuricova ,Aba Carboo,Karen Shepherd,124
106,Reading Rowing Club,No,A,Eloise Maguire,Kirsty Reeman,Tamara Alonso Ares,Lydia Wallis,Kate Lewis,Emily Hodges,Anna Rose,Rachel York,125
114,Vesta Rowing Club,No,C,Claudia-Lauren Williams ,Aileen Rice-Jones,Rebecca McDermott,Megan Halsted,Rosie Klymow,Sophie Jones,Cecilia Assmundson,Fiona Robinson,126
103,Furnivall Sculling Club,No,A,Sarah Mazza,Rebecca Hammond,Marine Goldsztejn,Lara Tandy,Alice Mason,Hannah Cornwell,Christina Thorp,Andrea Burkimsher,127
240,Queens University Belfast Ladies Boat Club,No,B,Laura Murphy,Amy Parke,Bernadette Henry,Sarah Chrishop,Kathryn Spinks-Dear,Jayne Mulhall,Victoria White ,Eimear Rose Cunningham,128
97,Cantabrigian Rowing Club,No,C,Hannah Tattersall,Hana Lango Allen,Bea Watts,Debbie Morley,Christina Woolner,Emma Fowler,Judith Weik,Gillian Cooper,129
62,HSBC Rowing Club ,No,,Elizabeth Hichens,Wendy Hilton,Ulrike Forster,Soraya Nidai,Beth Medland,Olivia Low,Athene McGregor-Macdonald,Anna Beresford-Knox,130
278,Durham University Boat Club,No,D,Sofia Heys Herrera,Charlotte Pailing,Zoe Brain,Bethany Wilkinson,Catherine Mcewan,Emily Chapman,Helen Chatterton,Rebecca Young,131
298,Pembroke College (Cambridge) Boat Club ,No,,Jennifer Hill,Rhiannon Lyon,Natasha Elks,Emma Norris,Molly Harte,Sophie Young,Mairenn Collins Attwood,Candice Griffiths,132
105,City of Sheffield Rowing Club ,No,,Alice Kearse,Claire Hinchliffe,Kate Davies,Frances Scarisbrick,Meri Middleton,Elizabeth Brown,Nicola Alesbrook,Elinor Turner,133
151,Exeter University Boat Club,No,C,Sophie Lloyd-Williams,Eleanor Foot,Maren Herrmann,Oluwatobi Olusanya,Heloase Le Pape,Clare Ward ,Gabrielle Chafer,Sophie Taylor,134
99,Milton Keynes Rowing Club ,No,,Suzanne De Maine,Katharine Billingham,Kate Smith,Joanne Heywood,Jayne Skeith,Alice Draper,Paula Heywood,Karen Wilson,135
125,Royal Free & Univ Coll Medical School Boat Club,No,A,Martina Larsson,Olivia Hawkes,Jennifer Whitehead,Jenny Budden,Matilda Williams,Eimear McKavanagh,Nadia Eden,Olivia Drewett,136
191,Christ Church Boat Club ,No,,Charmaine Lang,Amanda Forman,Sophie Shakespeare,Rebecca Wallings,Anna Shepherd,Lise du Buisson,Jessica Wang,Elettra Ardissino,137
159,Nottingham University Boat Club,No,B,Ruth Chapman,Ruth Tomlinson,Rebecca Traylen,Bethany Williams,Harriet Cotterell,Nicole Pike,Grace Lodge,Salome Sanchez,138
128,Van Mildert Boat Club ,No,,Sophie Paterson,Anya Denton,Yanmin Zhuchen,Laura Dunkerley,Diana Stserbakova,Holly Kitching,Rachael Burrell,Emily Hodgson,139
309,Aberdeen University Boat Club,No,,Chiara Ferdynus,Virginia Suarez,Isla Sutherland,Elizabeth Cheetham,Valerie Guiz,Katie Sugden,Lena Kraft,Marta Adler,140
175,Manchester University Boat Club,No,A,Rowena Bailey,Klara Paro,Lucy Loughlan,Jocelyn Shannon,Michaela Sommerova,Ruby Jordan,Alice Peachey,Celine Vine,141
57,Curlew Rowing Club,No,C,Natasha Wood,Laura Binns,Lianne Abbott,Grainne Mohan,Laura Donovan,Sarah Gregory,Vicky Skinner,Anita Jeff,142
227,Trafford Rowing Club ,No,,Laura West,Joanne Payne,Jackie Hamer,Katie Perkins,Zee Hardisty,Alice Terry,Kate Howe,Natasha DeVoe,143
166,Minerva Bath Rowing Club ,No,,Chloe Dell,Paula Nixon,Joanna Church,Sarah Jayne Moon,Helena Schofield,Elizabeth Kebby-Jones,Katy Goodship,Maria Heilberg,144
110,St Aidans College Boat Club,No,A,Jasmine Kendall,Keely Edwards,Ailish Foy,Amy Cooper,Hebe Kurzeja,Olivia Nunn,Lily Stubley-Adje,Anna Bradley,145
189,Hertford College Boat Club ,No,,Juliette Caverly,Eleanor Van Vogt,Harriet Thomas,Sophie Clark,Annabel Ault,Madeleine Burrell,Sarah Edwards,Philippa Thornton,146
232,Bath University Boat Club,No,C,Hazel Hallett,Anna Stordy,Magdalena Cygan ,Molly Fownes-Walpole,Amy Dalziel,Emily Daugherty,Rachel Smith ,Megan Benson,147
190,Royal Air Force Rowing Club ,No,,Adriana Motriuc,Hannah Read,Katherine Linton,Alexandra Robinson,Rachel Carpenter,Louise Elkington,Christina Ostacchini,Sally Tippett,148
202,Darwin College Boat Club ,No,,Marion Kieffer,Robin Morrison,Joy Muraszko,Chloe Clifford Astbury,Beverly McCann,Alison Macintosh,Jessica Walsh,Magda Gerigk,149
139,City of Cambridge Rowing Club/St Neots Rowing Club,City of Cambridge Rowing Club,,Susanna Barratt,Jessica Halliday,Malgorzata Szlachta,Jess Franklin,Jade Hellett,Merel Dubois-van Slageren,Eleanor Ancliff,Francesca Axe,150
130,University of West of England Boat Club,No,A,Amber Hamdani,Cerys Jones,Emily Arnold,Shannon Johnson,Sophie Walsh,Annabelle Cook,Emma Duncan,Anna Davies,151
146,Putney Town Rowing Club,No,B,Emily Gray,Laura Peck,Kirsty Fergie,Alexandra Harwood,Rosabella Styles,Sarah Foxton,Francesca Lawley,Rose Stanley,152
271,Clare Boat Club ,No,,Jordan Mccoy,Charlotte Thompson,Vashti Davies,Amarynth Sichel,Olivia Brett,Katherine Irwin,Jessica Lindley,Ariane Dupas,153
251,Castle Dore Rowing Club ,No,,Lydia Virr,Madelaine Trudgian,Emma de Grey-Warter,Rebecca Ansell,Alice Asquith,Anna Gilchrist,Samantha Pallett,Imogen Vale,154
167,Bridgnorth Rowing Club ,No,,Sarah Trowton,Holly Anne Campbell,Helen Stokes,Lucy Breakwell,Laura Tuckwood,Jennifer Williams,Sarah Graham,Nicola Rushin,155
112,Lea Rowing Club,No,C,Martha Parkinson,Geraldine Nassieu-Maupas,Jane Higgins,Caroline Carson,Helen Saunders,Sophie Mylan,Tara Maguire,Rosalyn Ricketts,156
222,Lady Margaret Hall Boat Club ,No,,Esther Rollinson,Alysha Patel,Ashleigh O'Connor-Hanlon,Sonja Stiebahl,Lana Purcell,Lydia Field,Laura Varley,Aoife Elwood,157
60,Thames Rowing Club,No,D,Caryn Urbanczyk,Katie Baker,Jess Lion,Nikki Worden,Katharine Giles,Julie Dickson,Charlotte Fiander,Jessica Chichester,158
317,Strathclyde University Boat Club ,No,,Mollie McIlwaine,Marisa Cove,Sonja Blaseio,Annie Hollis,Tilda Harju,Catriona Scott,Katie Scott,Rebecca Taylor-Barnes,159
316,Sidney Sussex College Boat Club ,No,,Katie Leach,Francesca Povey,Lois Overvoorde,Camille Lardy,Laura Lockwood,Emma Welbourne,Claire Burridge,Florence Alexander,160
157,St Hild & St Bede College Boat Club ,No,,Victoria Higgs,Katie Brown,Claire Dowling,Gabriele Keblyte,Julia Norton,Ellen Reakes-Williams,Ellie Drescher,Thea Winn-Reed,161
265,Corpus Christi College (Oxford) BC ,No,,Emily Williams,Mia Donn,Phoebe Tealby-Watson,Hannah Germain,Megan Healy,Martha Wallace,Katie Hurt,Francesca Parkes,162
303,St Andrews University Boat Club,No,B,Deanna Coleman,Christina Polson,Camille Eichaker,Marissa McMahon,Charlotte Deacon,Isabel Hesse,Morgan Young,Alice Hedley,163
61,Peterborough City Rowing Club ,No,,Hayley Marsters,Joanne Canton,Gemma Singleton,Carole Hook,Tina Allen,Gail Parker ,Kate Read,Ilektra-Georgia Apostolidou,164
171,Shoreham Rowing Club ,No,,Sarah Faith,Sally Hills,Phoebe Mercer,Ruth Hodges,Melissa Shaw,Ruby Franklin Goddard,Charlotte Utting,Bella-Rose Watton,165
200,Swansea University Rowing Club ,No,,Maddie Tracey,Ines Molina Ramirez,Elizabeth Cornford,Ellie Henderson,Freya Keig,Alexis Perkins,Jessica Smiles,Lucy Swithenbank,166
270,Balliol College Boat Club ,No,,Julia Davis,Laura Blenkarn,Nermeen Hilton,Katriona Pierce,Brita Bergland,Leah Mitchell,Fanny Louvier,Bessie Sorsby,167
178,Plymouth University Rowing Club ,No,,Kamila Chojecka,Amy Thompson,Alice Read,Lindsay Inglis,Yasmin Steven,Georgia Burrell,Molly Mifsud,Kelcey Pillage,168
216,Kings College Boat Club ,No,,Isabelle Read,Selena Deng,Frances Badcock,Emily Hillan,Kathryn Halloran,Rebekka Thur,Catalina Cangea,Martha Crass,169
209,Keble College Boat Club/Aberystwyth Rowing Club (WSRA),Keble College Boat Club,,Emma Rogers,Jessica Morgan,Emma Carter,Hannah Coles,Francesca Watling,Olivia Baynham-Williams,Eliza Argyropoulos,Maaike van Swieten,170
154,Lady Margaret Boat Club,No,A,Elizabeth Galloway,Emma Li,Maria Sophie Michalski,Anna Odorici,Emma Pruin,Mieke Slim,Freya Casson,Skye Fletcher,171
181,Birmingham University Boat Club,No,B,Fiona Cooke,Poppy Rodriguez ,Eleanor Gadsby,Hannah Matthews,Millie Wells,Emma Lowles,Jemima Pilgrim-Morris,Anna-Dimitra Kataki,172
319,York University Boat Club,No,C,Kirsty Miller,Lucinda Edwards,Gemma Watson,Anette Margrethe Gronning,Kate Anderson,Rebecka Hagglund,Olivia Rollinson,Alina Gatley,173
143,St Bartholomews & The Royal London Hospitals BC,No,A,Glesni Parry,Zoe Carter Tai,Anya Rutherfurd,Maria Fernandez Salamanca,Lois Goule,Ella Richards,Kathryn O'Brien,Nadia Roberts,174
179,Heriot-Watt University Boat Club ,No,,Claudia Coulter ,Eilidh Cuthbertson,Emily Kidd,Freya Duncan,Jessica Walker,Keziah Mercer ,Kim Heinz,Handley Rosie,175
65,Wallingford Rowing Club,No,B,Eleanor Bates,Susan Wells,Edel McGurk,Laura Forrest,Karen Walker,Suzanne Pilkington,Katie Guyatt,Mary Miller,176
116,Team Keane Sculling School ,No,,Francesca Streeter,Kate Pontes de Freitas,Jacqueline Marie,Nicki McMillan,Isabelle Meron,Amber In der Rieden,Miranda Jane Keane,Erin Maury,177
193,Lucy Cavendish College Boat Club,No,A,Annika Brouwer,Lily Delimata,Emily Fox,Rebecka Nordenlaw,Polytimi Frangou,Helena de Boer,Georgina Anderson,April Bowman,178
158,Bournemouth University Boat Club,No,A,Olivia Hinkley ,Laragh MacDermott,Ellie Lonsdale,Kaisla Pihkanen,Freya Williamson,Bethany Dyer,Keira Hibbert,Annabel Everson,179
230,Magdalene Boat Club ,No,,Susannah Williams,Floss Willcocks,Gintare Sendzikaite,Roxine Staats,Sarah Moss,Tayla Gordon,Thien Huong Vu,Niamh Ryan,180
53,Sheffield University Rowing Club,No,A,Martha Griffin,Emily Cossey,Amelia Garner,Abigail Thomson,Eleanor Norris,Sarah Coleman,Harriet Adamson,Louise Shorten,181
180,Imperial College School Of Medicine Boat Club,No,A,Sophie Lee-Hoareau ,Alex Perry,Sophie Wouters,Victoria Latham,Ashleigh Watson,Daisy Burris,Ella McDuffus,Ruth Bloxam,182
226,Worcester University Rowing Club,No,A,Rachael Elmes,Lydia Hughes,Beth Lewis,Lucy Pearson,Joanna Moulder,Emily Clutterbuck,Charlotte Ashby,Sophie Everett,183
274,Imperial College Boat Club,No,C,Geraldine Regnier,Camille Van Assel,Tosca Cederberg Marmefelt,Elisabeth Koninx,Grace Lusby,Agnese Grison,Sarah Towers,Sophie Owen,184
153,Cambridge 99 Rowing Club,No,B,Sarah Catchpole,Gemma Douglas,Laura Dallaway,Niki Braithwaite,Catherine Quinn,Meg Barne ,Sophie Coope,Alicia Wilcox,185
137,University College London Boat Club,No,B,Iona Nicol,Shola Currie,Jessica Bone,Bessie O'Dell,Rosie Mason,Claudia Abdallah,Jasmine Michalowska,Nienke Meinsma,186
140,Cardiff City Rowing Club/Cardiff University Boat Club,Cardiff City Rowing Club,,Charlotte Gildersleve,Carmen Bedford,Gwenllian Jones,Joelle Marshall,Heather Stewart,Georgina Wren,Sophie Lane,Imogen Freethy,187
66,Champion Of The Thames (Cambridge) Rowing Club,No,A,Laura Mitchell,Ana Gonzalez-Rueda,Dawn Birch,Naomi Linklater,Maura Rutter,Nicola Anderson,Charlotte Black,Carole Mills,188
256,Royal Veterinary College Boat Club,No,A,Hollie Wharton,Issy Dyer,Valeria Villegas Agudelo,Jennifer Parr,Hana Ward,Molly Garbutt,Rebecca Bishop,Sarah Storrs,189
155,City of Bristol Rowing Club,No,C,Amy Bulman,Claire Allen,Judit Kerese,Ellen Grist,Hannah Heathcote,Henrietta Irons,Ery Hughes,Rosie Oates,190
142,Hatfield College Boat Club ,No,,Christina Fialova,Beatrix Loveridge,Annabel Estlin ,Freya Tracey,Alicia Webster ,Mia van Diepen,Lauren Newbould,Rosie Glover,191
234,Hughes Hall Boat Club ,No,,Jordan Appel,Susannah Roberts,Alana Baker,Nicola Strain,Diana Robinson,Harriet Stacey,Juliette Robinson,Manja Neumann,192
199,Jesus College  Boat Club,No,B,Rebecca Willatt,Lara Sullivan,Alice Stuart,Casey Shepheard,Jennifer Holian,Ellie Aris,Stella Isaac,Rachel Adams,193
169,Grey College Boat Club,No,A,Isobel Hopkins,Kate French,Megan Thorpe,Catherine McWilliams,Katherine Keddie,Isobel Brentford,Aoife Gray,Bethany Pevsner,194
217,First and Third Trinity Boat Club ,No,,Juliette Wrixon,Megan Crane,Bethany Ladd,Sophie Merchant,Gillian Moore,Savannah Dixon,Gabriella Gilks,Bianca Andrei,195
201,Murray Edwards College Boat Club ,No,,Brittany Orton,Isabelle Pearce-Mason,Barley Rose Collier Harris,Emma Roth,Amanda Sjodahl,Hannah Forde,Taine Ranaghan,Maria Rust,196
204,St Catharines College (Cambridge) Boat Club ,No,,Rachel Seary,Emilie Facon,Brittany Howell,Gabrielle Deora,Sarah Laughton,Elizabeth Orrin,Alice Handy ,Yamini Cinamon Nair,197
194,Chesterton Rowing Club,No,A,Hannah Parish,Natalie Andrews,Sian Morris,Angela Barkes,Rachel Newby,Eleanor Gordon,Megan Richards,Sarah Hadman-Back,198
236,Dart-Totnes Amateur Rowing Club,No,A,Josie Betts,Emilia Collinson,Clarice Holmes,Maia Knight ,Maisie Marles,Lucy Tilbury,Madeleine Stevens,Lucy Romney,199
197,Fitzwilliam College Boat Club ,No,,Emily Insanally,Hazel Walker,Ilona Szabo,Jiaqi Chen,Alisha Levermore,Lizzie Knight,Emily Lees,Harriet Bradnock,200
196,St Marys College Boat Club ,No,,Rebecca Dodd,Melissa Seabrook,Safiye Ozcan,Amelia Hubbard,Katie Goode,Lucy Ross-Skinner,Minna Morgan,Katherine Aird,201
250,City of Oxford Rowing Club,No,B,Freya Clempson,Lydia McKenzie,Gabrielle Millard,Madeleine Stringer,Eleanor Stubley,Annie Sharp,Isabella Bowley,Rebecca Coleman,202
117,Auriol Kensington Rowing Club,No,B,Judith Fortmann,Susie Lane,Diana Sargent,Kathleen Cyr,Sophie Young,Joanna Mcdiarmid,Stephanie Dix,Marianna Raffaele,203
176,Marlow Rowing Club,No,B,Anna Whitten,Catharine Bennett,Folusade Deru,Ailish Dudley,Trudi Lucas,Holly Furniss,Francesca Thompson,Ella Holloway,204
187,Chester University Rowing Club ,No,,Heather Ludvigsen,Emilie Woodhall,Dominique Billingham,Yasmin Ruane,Rebecca Metcalfe,Leah Hoggarth,Emma Jackson,Molly Lovell,205
138,St Cuthberts Society Boat Club,No,A,Holly Allen,Rachael White,Hannah Campbell,Sarah Gosling,Helen Probert,Rebekah Canby,Emily Procter,Petrina Witt,206
297,Cardiff University Boat Club,No,B,Alice Tetstall,Jasmine Ayrton ,Rosie Hopley,Georgina Wenk,Zoe Hitchens,Katherine Feaviour,Freya Prigent,Bethan Wesley,207
306,Liverpool University Boat Club,No,B,Llinos Jones,Lily Andrews,Helena MacAleese,Heather Skinner,Eleanor Backhouse,Annie McIlhatton,Anna Clarke,Alexandra Reilly,208
186,Cantabrigian Rowing Club,No,D,Lenka Dinnage,Susan Fitzgerald,Stephanie Creasey,Sally Hames,Marjon Hilgenga,Naomi McGovern,Syra Vanderhoof,Jacqui Robinson,209
70,Henley Rowing Club,No,C,Valerie Bennett,Linda Thomas,Margaret Anne Hall,Emma Alvey,Catherine Mangan,Louisa Clarke,Helen Knowles,H Turnell,210
283,Emmanuel Boat Club,No,B,Simina Dragos,Bronwen Fraser,Robyn Topper,Rebecca Walker,Rose Arbuthnot,Katie McKinnon,Kate Hawkins,Kimberly Barker,211
152,St Johns College (Durham) Boat Club,No,A,Annabel Hickson,Sian Cogan,Heather Jones,Taylor Fitzsimons,Hanna Bjone,Felicity Kenny,Isobel Fraser,Claudia Driscoll,212
120,Barnes Bridge Ladies Rowing Club,No,B,Emilie Scott,Leonie Watkins,Hannah Steedman,Marion Telsnig,Sian Kunert,Amelie Gourdon-Kanhukamwe,Carly Webb,Joanna Broadhurst,213
308,Glasgow University Boat Club,No,C,Silja Malin,Fabia Breuer,Miriam Payne ,Carmel Dowling,Victoria Smith,Laura Harrison,Poppy Maunder,Blair Butler ,214
311,Leicester University Boat Club ,No,,Clementine Bird,Helen Zakhour,Jessica Stone,Bethany Evans,Holly Walmesley,Emma Wilson,Charlie Warwick,Effie Hastelow,215
64,Putney Town Rowing Club/Parrs Priory Rowing Club,Putney Town Rowing Club,,Laura Pattison,Emma Flynn,Heather Macpherson,Laura Parker,Lorna Anderson,Tolli Hickes,Simone Frehe,Susan Pictor,216
188,York University Boat Club,No,A,Alice Kwan,Lily Glover,Rosie Hough,Claudia Sheriff-Pinches,Olivia Beer,Lucy Middlehurst,Ellie Lewis,Bea Stokman,217
310,Leeds University Boat Club,No,C,Chloe Vialou-Clark,Juliette Cocks,Alice Ridley,Maddie Harkness,Emily Painter,Shauna McAteer,Philippa Lloyd,Fiona Newman,218
168,St Johns College (Oxford) Boat Club ,No,,Karen Heathcote,Ria Dinsdale,Madeleine Warner,Lucy Field,Lynn Lewis-Bevan,Sarah Bourke,Jennifer Massingham,Laura Boddy,219
183,Leeds University Boat Club,No,B,Isabella Shackleford,Sally Watt,Indus Hill,Phoebe Barnes,Umamah Yusufi,Fenella Ellison,Rebecca Swift,Katie Austin,220
296,Castle Dore Rowing Club/City of Cambridge Rowing Club,Castle Dore Rowing Club,,Joanna Virr,Elaine Buck,Hannah de Grey-Warter,Poppy Kearney,Chloe White,Nancy Mansell,Madeleine Rose Hunter,Maria Norman,221
133,Curlew Rowing Club,No,B,Katherine Hatcher,Vivienne Meehan,Jemma Wright,Catherine Evans,Claire Williams,Anna Palsdottir,Katriona Blomberg,Emily Marr,222
149,Reading Rowing Club,No,B,Hannah Bower,Caren Tanger,Rebecca McKellar,Tsitsi Chenje,Christine Bauer,Joanna Gliddon,Marina Miles,Hannah Street,223
290,Bristol University Boat Club,No,D,Kate Jamison,Hannah Gulliford,Elen Bird ,Emilia Crocker,Hollie Saunders,Caitlin McConnell,Jemima Lucas,Bryony Lewis,224
294,Worthing Rowing Club ,No,,Issy Walker,Andzelika Stozek,Vanda Balla,Ciara Woods,Isobel Hooker,Lucy Reynard,Zuzana Fraser,Natalie Holden,225
72,Champion Of The Thames (Cambridge) Rowing Club,No,B,Helen Christy,Beth Midgley,Julie Conder,Vikki Roberts,Kate Dingwall,Rachel Newell,Cynthia Jones,Anna-Louise Lawrence,226
67,North Staffordshire Rowing Club ,No,,Sarah Taylor,Ruth Louise Ford,Janet Howson,Lucy Turner ,Katie Brookes,Keira Dawson,Michelle Ward,Sacha Rogers,227
177,Robinson College Boat Club ,No,,Georgina McCosh,Louise Barnaby,Holly Smith,Abigail Whiteley,Maria Farrimond,Sonja Klingberg,Alexia Wilson,Katya Duncan,228
195,Sheffield University Rowing Club,No,B,Sophie McGinley,Emily Stewart,Felicity Conway,Alice Jenkins,Lucy Hayes,Isabelle Emms,Pamela O'Neill,Tara Potter,229
275,Royal Free & Univ Coll Medical School Boat Club,No,B,Georgie Stagg,Serena Lu,Laura Dan,Hannah Roberts ,Abigail Powell,Asha Dave,Claire Shadwell,Milicent Walker,230
269,Lady Margaret Boat Club,No,B,Emily Beevers,Ane Kristine Espeseth,Laura Ferrier,Rachel Green,Camille Knight,Rachael Speed,Clara Van Uffelen,Suraya Yusuf,231
172,Staines Boat Club,No,B,Kate Proffitt,Judy Walker,Victoria Perrin,Julia Paxton,Louise Cavanagh,Josephine Boorman,Paige Knight,Maaike van Agtmaal,232
212,University of East Anglia Boat Club ,No,,Aoife Housden,Georgia Rasmussen,AnnKathrin Knacke,Abigail Benari,Stephanie Hodsman,Leah Tuley,Niamh Ruane,Olivia Caroline Doubleday,233
206,Bewdley Rowing Club,No,A,Katie Kowalski,Briony Cartwright,Sarah Bagley,Ruth Hale,Susan Carr,Becky Birch,Alexandra Bushnell,Kathryn Carlyle,234
205,Sheffield Hallam University Rowing Club,No,A,Niamh McBride,Abigail Couper,Jasmine Dolly,Abigail Ridden,Lucy McQuoney,Izzie Taylor,Lucy Martin ,Gabrielle Price,235
289,Birmingham University Boat Club,No,C,Phoebe Aucken,Heidi Swinhoe,Isobel Keith,Katie Dann,Isabelle Slee,Hannah Bollons,Laura Rishworth,Beth Meopham,236
164,Royal Holloway Boat Club ,No,,Olivia Hills,Harriet Williams,Jessie Harris,Ellen Wiggin,Lily Lofty,Emily Ford,Josephine Wilks,Livvi Derbyshire ,237
173,University College (Oxford) Boat Club ,No,,Sarah Haynes,Sarah Faulkner,Ffion Price,Isobel Salt,Olivia Lalude-Haworth,Alison Walsh,Amy Hughes,Alisa Musanovic,238
253,Bristol University Boat Club,No,C,Natalie Mc Nally,Lucy Delamere,Lucinda Cross,Megan Taylor,Abi Gutai,Lucy Dayer ,Miriam Porter,Ana Zigic,239
73,Bradford Amateur Rowing Club ,No,,Sally Wood,Laura Squire,Freya Stansfield,Jenny Hornsby,Anthea Mould,Kim Davis,Brenda Franklin,Sheila Gregory,240
215,Brasenose College Boat Club ,No,,Eleanor Dodd,Petra Koene,Grace Hickman,Anna Dobson,Karen Zhang,Emily Tench,Katie Ramsey,Elizabeth Matthams,241
302,Nottingham University Boat Club,No,C,Poppy Wood,Johanna Horsman ,Aisling Grady,Shirlyn Gathoni,India Beaumont,Beth Challis,Lydia Sexton,Anna Price,242
313,Nottingham Trent University Rowing Club ,No,,Freya Dumbell,Shannon Frayne,Lillie Prior,Lydia Reynolds,Hannah Simmons,Ailish Ward,Ellie Tuke,Natalie Schaffer Fairbanks,243
285,University College London Boat Club,No,D,Nanxi Zhang,Zhijun Yang,Andreea-Alexa-Maria Faur,Yebeen Boo,Ruqaiyah Shiraz,Anna Huhn,Zahra Coulthard,Natasha Ng,244
280,Kings College London BC,No,C,Helena Fazeli,Marion Guerbet,Sarah MacCallum-Orr,Roisin Dillon,Aline Lechartier,Annabelle Jolly,Phoebe Gittins,Emma Reidy,245
249,Maidstone Invicta Rowing Club,No,B,Fiona Thomson,Abby Chapman,Molly Gache,Lucy Parker,Millie Howarth,Evie Kickham,Georgina Acott ,Katharine Le Lion,246
75,Walbrook Rowing Club ,No,,Laura Bullard,Sue Eggeman,Wendy Brister-Runnacles,Joanna Moffatt,Jude Bowen,Tracy Lilley,Rosemary Thom,Helen Field,247
185,Globe Rowing Club,No,B,Mollie Arbuthnot,Eleanor Re'em,Jess Strangward,Laura Gilbert,Kathryn Giblin ,Rachel Scoffield,Julia Nowicka,Dillan Lee,248
239,Uppsala Academic Rowing Society ,No,,Linna Hallgren,Matilda Stambeck,Iris Brinkman,Malin Asplund,Stefanie Mallow,Elspeth Chatto,Mollie Zalas,Lisa Nilsson,249
307,Exeter University Boat Club,No,D,Charlotte Remnant,Rebecca Quarterman ,Alexandra Hanson,Emma Arrindell,Anna Pettitt,Loren Smith,Mulberry Watkins,Lucy Newman,250
318,Worcester University Rowing Club,No,B,Katie Hawthorn,Katherine Rose Hooker,Rachael Maltby,Matilda Otway ,Alicia Pugh,Yvie Thompson,Holly Willis,Lorna Wright,251
304,Southampton University Boat Club,No,C,Calypso Morley,Sophie Knipe,Maria Martins,Alessandra Costantino,Lucy Butler,Iona McCaul,Lauren Hoven,Sarah Willcocks,252
293,Aberdeen University BC/Robert Gordon University BC,Aberdeen University BC,B,Emma Rickman,Alisa Koester,Abi Pitman,Christy Crook,Chloe Auchnie,Iona Arnott,Faye Walker,Caitlin Murphy,253
218,Ross Rowing Club ,No,,Alison Barker,Nicola Wild,Sarah Sykes,Beth Morris,Paige Howe,Imogen Ryan,Nia Ryan,Geraldine Calcraft,254
267,Grosvenor Rowing Club ,No,B,Sarah Edwards,Lucinda Dodd,Louise O'Rourke,Amanda Daniels,Betsy-Ann Ward,Emily Doherty,Lucy Doherty,Rachel Wagstaff,255
63,Furnivall Sculling Club,No,B,Pamela Major,Lisa Hopper,Karin Russig,Sue Ehr,Charlotte Mason,Florence Dolivet,Annette Warton,Valerie Snewin,256
223,Globe Rowing Club,No,A,Vanessa Morris,Sabina Manzini,Imogen Pringle,Jennifer Appleton,Frederique Le Bescond,Eleanor Turner,Satu Haikonen,Caroline Gasperin,257
229,Itchen Imperial Rowing Club ,No,,Lucinda Gooch,Molly Hart,Lucy Fagan,Kady Middleton,Venetia Comparelli,India Blake,Jessica Bull,Charlotte Starkey,258
257,Thames Rowing Club,No,F,Natalie Kondratii,Charlotte Maguire,Olivia Evenden,Marija Dainyte,Catherine Treherne-Thomas,Harriett Yea,Victoria Jacobi,Kate Harper-Tarr,259
287,Queen Mary University of London Boat Club ,No,,Jasmine Kaur,Siobhan Campbell,Olivia Exton-Pongracz,Alice Smith,Caitlin Dyer,Karis Hodgson,Elizabeth Guess,Caitlin Hardy,260
228,Reading Rowing Club,No,C,Stephanie Cole,Sophie Lee,Samantha Hall,Katherine Hindmarsh,Kerry McIntyre,Angharad Evans,Lorna Ni Chuireain,Gemma Potter,261
211,Falcon Rowing Club ,No,,Emma Johnson,Ivana Barin,Catherine Coxon,Vicky Anderton,Iolanda Vendrell,Lucy Hetherington,Ruth O'Loughlin,Kathryne Crossley,262
291,Lucy Cavendish College Boat Club,No,B,Zoe Pot,Anabel Martinez,Ning Sang Tan,Melisa Basol,Julie Rosendal Damborg,Yvonne Zivkovic,Anne Sauviat,Merit Hagenkort,263
203,Twickenham Rowing Club,No,A,Fiona Duggan,Philiberte Henriette Margareta Kruimel,Liz Bushby,Annabel Collett,Karoline Warr,Natalie Haywood,Vicki Lowery,Gillian O'Beirne,264
210,City of Cambridge Rowing Club,No,,Livia Oldland,Elizabeth Jarrett,Katherine Harrison,Louise Bailey,Emily Hogg,Amanda Buttery,Larisa Labzin,Jessie Hasken,265
192,St Cuthberts Society Boat Club,No,B,Hannah Darnton,Siobhan Byrne,Ffion Cartwright,Tara Dudhill,Alexandra Nicholas,Masha Markova,Charlie Lavemai-Goldsbrough,Pippa Cameron,266
213,Twickenham Rowing Club,No,B,Catherine Almond,Emma Fadlon,Justine Lee,Annette Hurley,Pamela McHutchon,Christina von Hodenberg,Wendy Primmer,Gabrielle Walters,267
315,Sheffield University Rowing Club,No,C,Caroline Schaufelberger,Mia Cousins,Niamh Callanan,Ellie Baimbridge,Lucy Booth,Elana Whistlecroft,Emily Butler,Alice Buxton,268
299,Lea Rowing Club,No,E,Elizabeth Stephen ,Bethany Smith,Warda Al-Jawahiry,Kemi Phillips,Katharine McClenaghan,Miriama Balazova,Aurelia Bonfanti,Kay Finch,269
71,Pengwern Boat Club ,No,,Jayne Chelton,June Onions,Deborah Turner,Clare Davis,Ali Thomas,Fleur Joyce,Sharon Clements,Caroline Harding,270
281,St Aidans College Boat Club,No,B,Imogen Taylor,Kristin Vagg,Emily Owens,Rhiannon Bailey,Tanvi Pahwa,Marta Alba,Victoria Tsaneva,Georgia Lee,271
266,Grey College Boat Club,No,B,Isabella Taylor,Genevieve Weston ,Lily Hulatt,Chelsea Birkett,Georgia Bridgen,Emily Hill,Rhiannon Berry,Charlotte Bourchier,272
182,Southampton University Boat Club,No,B,Elizabeth Platts,Isabel Hughes,Ella Halsall,Rachel Boyer,Honor James,India Oxley,Daisy Weighill,Margaret Stollery,273
312,Manchester University Boat Club,No,B,Tilly Meighen,Felicitas Buck,Yasmin Worsley,Chloe Townsend Williams,Claire Baxter,Fionnuala Lane,Elena Pavan Macias,Victoria Roberts,274
237,Bournemouth University Boat Club,No,B,Jasmiina Ryynanen,Jessica Leverton,Willow Johnson,Chloe Stimpson ,Caitlin Mulholland ,Morgane Corbett,Christie Robinson,Bronwyn Muir,275
221,Devils Elbow Rowing Club ,No,,Clare Sedgwick,Holly Kemish,Isobel Walker,Susan Booth,Joanne Pickford,Abby Turner,Vicky Nolan,Maxine Kavanagh,276
74,Loughborough Boat Club ,No,,Andrea Beddows,Sandra Martin,Jennifer Smith,Karen Senior,Katharine Henry,Victoria Haines,Emily Quinton,Nadine Storey,277
279,Chesterton Rowing Club,No,B,Katharine Winter,Katharine Bolt,Caroline Coetzee,Rosa Mottershead,Hannah Telka,Dawn Hawkins,Maria Netchaeva,Evelyne Donnaes,278
262,University College (Durham) Boat Club ,No,,Merryn Jones,Lily Munn,Eloise Hollands,Charlotte Crofts-Bolster,Elizabeth Fuller,Sabrina Longley,Ella Burandt,Amy Hollowood,279
260,St Georges Hospital Med.Sch.Boat Club ,No,,Allenis Mak,Jemima George,Emma Knight,Saba Mahmood,Sophie Mattar,Flora Matthews,Molly O'Donnell,Annabel Strachan,280
272,Royal Veterinary College Boat Club,No,B,Samantha Sorosjinda,Veronica Garcia,Alexandra Ayoub,Gabriella Hetesy,Anoushka Agarwal ,Molly Clarke,Madeleine Bacon,Kirstin Sutherland,281
220,Bewdley Rowing Club,No,B,Joanne Taylor,Nikki Hodnett,Zowie Moulden,Gemma Horton,Suzy James,Kerry Jones,Nicola Downing,Faith Humphries,282
235,Leicester Rowing Club ,No,,Shelisha Kincarr,Katarzyna Kmiecik,Hollie Parsons,Philippa James,Sarah Peck,Grace Haracz,Hazel Ward,Emma Crouch,283
314,Sheffield Hallam University Rowing Club,No,B,Chelsea Lucas,Hannah Fletcher,Gabriella Mundin,Katie Mulcahy,Lucia Faulkner,Millie Brice,Harriet Underdown,Beth Sadler,284
295,Worcester Rowing Club,No,B,Julie Hogarth,Emma Blakeway,Kate Mogg,Joanna Counsell,Amy Roscoe,Rachel Kyte,Stacey Hegenbarth,Natalie Vale,285
292,Cardiff University Boat Club,No,C,Annabel Sumner,Grace Howell,Hannah Farr,Holly Tyroll,Molly Caesar,Charlotte Francis,Natasha Cowie,Emma Remotti,286
284,Warwick Boat University Club,No,C,Kajal Malhotra,Lucy Young,Elizabeth Champion,Kristina Pugh,Hannah Goodlad,Kate Pilling,Jessica-Jade Williams,Ellie Smith,287
207,St Johns College (Durham) Boat Club,No,B,Lydia Newton,Francesca Boyce Cam,Sannie Matilda Cimmerbeck,Katherine Rance,Emily Simpson,Freya Herma Rawlings,Maria Southwell,Carla Briggs,288
273,Barnes Bridge Ladies Rowing Club,No,C,Samantha Reynolds,Jennifer Pearce,Penelope Cox,Justine Hope,Holly Millar,Samantha Weston,Elizabeth Saary,Leticia Gallego,289
79,Canottieri Lario G.Sinigaglia,No,B,Chiara Ascardi,Ida Varani,Stefania Butti,Nuccia Milici,Lucia Biscatti,Paola Roncoroni,Manuela Manna,Sabrina Noseda,290
77,Canottieri Lario G.Sinigaglia,No,A,Elisabetta Verga,Carla Virgis,Annalisa Tornielli,Lorena Negrini,Maura Siletto,Aurelia Wurzel,Monia Madonna,Valeria Pessina,291
288,Putney Town Rowing Club,No,D,Amelia Napier,Katie Moore,Melanie Dubois,Sarah Keane,Jude Tugman,Ophelie Billet,Sian Watters,Tania Hunt,292
268,Kings College London Boat Club,No,B,Antoinette Hage,Samaya Prakke,Ewa Puzniak,Chloe McNally,Kayleigh Best,Carmen Waller Alvarez,Natalie Day,Georgia Heaver-Wren,293
76,Kingston Grammar School Veterans Boat Club ,No,,Jackie Steinitz,Maureen Bottomley,Anna Janik,Miranda Ibbetson,Fiona Jane Betts,Elisabeth Allin-Figl,Louise Sealy,Sarah Searle,294
276,Imperial College School Of Medicine Boat Club,No,B,Imogen Patton,Charlotte Butterworth,Hanya Irfan,Amelia Dawson - Kavanagh,Preet Lalli,Esme Hotston Moore,Sophie Lai,Victoria Earl,295
300,Twickenham Rowing Club,No,C,Margaret Obenshain ,Georgia Adams ,Rachel Levene,Katherine Woolford,Catherine Chevallier,Jacinta Collins,Maisie Gordon,Karen Rigby,296
282,Vesta Rowing Club,No,E,Ella Lawrence,Lucy Cartwright,Mira Childerhouse,Nadia Burrell,Kayla Chrysler,Kinneri Saha,Florencia Huart,Jessica Laleye-Lurel,297
263,St Bartholomews & The Royal London Hospitals BC,No,B,Olivia Dupere,Caroline Olabisi,Emily Bryan,Seraina Brunner,Alice Westlake,Erica Hepple-Wilson,Nonoka Ito,Sreya Gooptu-oshea,298
208,Auriol Kensington Rowing Club,No,C,Shirley Reid,Rabia Qureshi,Katherine Couper,Carol Hughes-Hallett,Elaine Fahey,Jocelyn Tillner,Lucy Winship,Katja Trela-Larsen,299
286,Vesta Rowing Club,No,D,Megan Daly,Alexandra Hudspith,Angela Oates,Tahlia Madden,Kerry Price,Sophie Hoult,Kura Solon,Cathryn Mccarthy,300
